wearit_uuid,m2c2_cogtask,participant_id,device_model,device_os,survey_date_submitted,survey_date_completed,first_char,format_valid,cogtask_cps,cogtask_name,time_stamp,os,trial_num,responseTime,cogtask_type,cogtask_trial_params,cogtask_display_name,cogtask_fps,block_id,block_trial_num,trial_uuid,block_num,trialset_id,trial_type,response,letter,cogtask_all_params_checksum,cogtask_run_uuid
930c9348-57fa-4fee-91c7-14ff9d8c2393,GoNoGo,embar-rq0cp,SM-G781U,12,2022-02-09 19:22:39,2022-02-09 19:22:37,[,TRUE,60.84243369734789,Go No Go,2022/02/09 19:21:50,android,1,-1,gonogo,{},Go No Go,117.87665886026542,1,0,aa7d4782-55cc-4ee3-8055-d5a25821325f,1,1,1,0,B,903ecf158a45a4ec03c5cd145ac4d7ac,3cf70284-ae08-485e-b4f3-d86488df3e7d
930c9348-57fa-4fee-91c7-14ff9d8c2393,GoNoGo,embar-rq0cp,SM-G781U,12,2022-02-09 19:22:39,2022-02-09 19:22:37,[,TRUE,61.32075471698113,Go No Go,2022/02/09 19:21:52,android,1,-1,gonogo,{},Go No Go,118.71069182389937,1,0,0018c5e4-a5b0-47dd-ab07-fc88119dfbae,1,1,1,0,Z,903ecf158a45a4ec03c5cd145ac4d7ac,3cf70284-ae08-485e-b4f3-d86488df3e7d
930c9348-57fa-4fee-91c7-14ff9d8c2393,GoNoGo,embar-rq0cp,SM-G781U,12,2022-02-09 19:22:39,2022-02-09 19:22:37,[,TRUE,61.91222570532915,Go No Go,2022/02/09 19:21:53,android,1,670,gonogo,{},Go No Go,118.3385579937304,1,0,784c8527-c77b-4d96-90d3-9687fab4a9bc,1,1,1,1,T,903ecf158a45a4ec03c5cd145ac4d7ac,3cf70284-ae08-485e-b4f3-d86488df3e7d
930c9348-57fa-4fee-91c7-14ff9d8c2393,GoNoGo,embar-rq0cp,SM-G781U,12,2022-02-09 19:22:39,2022-02-09 19:22:37,[,TRUE,61.52647975077881,Go No Go,2022/02/09 19:21:54,android,1,425,gonogo,{},Go No Go,117.69290724863602,1,0,5a4876cb-054c-41d7-928a-a38cc2e40961,1,1,1,1,M,903ecf158a45a4ec03c5cd145ac4d7ac,3cf70284-ae08-485e-b4f3-d86488df3e7d
930c9348-57fa-4fee-91c7-14ff9d8c2393,GoNoGo,embar-rq0cp,SM-G781U,12,2022-02-09 19:22:39,2022-02-09 19:22:37,[,TRUE,61.36900078678207,Go No Go,2022/02/09 19:21:55,android,1,351,gonogo,{},Go No Go,118.01730920535013,1,0,e582b803-8195-4a85-8c2b-9df4e1dd8962,1,1,1,1,H,903ecf158a45a4ec03c5cd145ac4d7ac,3cf70284-ae08-485e-b4f3-d86488df3e7d
930c9348-57fa-4fee-91c7-14ff9d8c2393,GoNoGo,embar-rq0cp,SM-G781U,12,2022-02-09 19:22:39,2022-02-09 19:22:37,[,TRUE,61.36900078678207,Go No Go,2022/02/09 19:21:57,android,1,315,gonogo,{},Go No Go,118.01730920535013,1,0,58bbd430-4243-4dbe-bf47-b6f59c218476,1,1,1,1,A,903ecf158a45a4ec03c5cd145ac4d7ac,3cf70284-ae08-485e-b4f3-d86488df3e7d
930c9348-57fa-4fee-91c7-14ff9d8c2393,GoNoGo,embar-rq0cp,SM-G781U,12,2022-02-09 19:22:39,2022-02-09 19:22:37,[,TRUE,61.478599221789885,Go No Go,2022/02/09 19:21:58,android,1,353,gonogo,{},Go No Go,118.28793774319067,1,0,a49c6a09-3a9b-49c3-b880-1bac8388ea56,1,1,1,1,O,903ecf158a45a4ec03c5cd145ac4d7ac,3cf70284-ae08-485e-b4f3-d86488df3e7d
930c9348-57fa-4fee-91c7-14ff9d8c2393,GoNoGo,embar-rq0cp,SM-G781U,12,2022-02-09 19:22:39,2022-02-09 19:22:37,[,TRUE,61.96746707978312,Go No Go,2022/02/09 19:21:59,android,1,459,gonogo,{},Go No Go,117.73818745158792,1,0,6ce60489-71d9-48db-a7c3-ed20bfb31485,1,1,1,1,Q,903ecf158a45a4ec03c5cd145ac4d7ac,3cf70284-ae08-485e-b4f3-d86488df3e7d
930c9348-57fa-4fee-91c7-14ff9d8c2393,GoNoGo,embar-rq0cp,SM-G781U,12,2022-02-09 19:22:39,2022-02-09 19:22:37,[,TRUE,61.52647975077881,Go No Go,2022/02/09 19:22:01,android,1,297,gonogo,{},Go No Go,118.38006230529595,1,0,3859e620-1890-49e0-b8d9-60d277ecec3a,1,1,1,1,L,903ecf158a45a4ec03c5cd145ac4d7ac,3cf70284-ae08-485e-b4f3-d86488df3e7d
930c9348-57fa-4fee-91c7-14ff9d8c2393,GoNoGo,embar-rq0cp,SM-G781U,12,2022-02-09 19:22:39,2022-02-09 19:22:37,[,TRUE,61.670569867291185,Go No Go,2022/02/09 19:22:02,android,1,336,gonogo,{},Go No Go,118.65729898516784,1,0,d341d660-cf89-4da6-9c28-108ae1dc9c86,1,1,1,1,F,903ecf158a45a4ec03c5cd145ac4d7ac,3cf70284-ae08-485e-b4f3-d86488df3e7d
930c9348-57fa-4fee-91c7-14ff9d8c2393,GoNoGo,embar-rq0cp,SM-G781U,12,2022-02-09 19:22:39,2022-02-09 19:22:37,[,TRUE,61.670569867291185,Go No Go,2022/02/09 19:22:03,android,1,294,gonogo,{},Go No Go,117.87665886026542,1,0,65f87f9f-ff5a-4ce1-8e74-27c7b7c97d2e,1,1,1,1,S,903ecf158a45a4ec03c5cd145ac4d7ac,3cf70284-ae08-485e-b4f3-d86488df3e7d
930c9348-57fa-4fee-91c7-14ff9d8c2393,GoNoGo,embar-rq0cp,SM-G781U,12,2022-02-09 19:22:39,2022-02-09 19:22:37,[,TRUE,62.009419152276294,Go No Go,2022/02/09 19:22:04,android,1,341,gonogo,{},Go No Go,118.5243328100471,1,0,0e470898-bd87-4697-9375-818eb46bc431,1,1,0,1,X,903ecf158a45a4ec03c5cd145ac4d7ac,3cf70284-ae08-485e-b4f3-d86488df3e7d
930c9348-57fa-4fee-91c7-14ff9d8c2393,GoNoGo,embar-rq0cp,SM-G781U,12,2022-02-09 19:22:39,2022-02-09 19:22:37,[,TRUE,61.52647975077881,Go No Go,2022/02/09 19:22:06,android,1,326,gonogo,{},Go No Go,117.601246105919,1,0,15d72cc1-44f2-4882-8f2f-3644b1f3574d,1,1,1,1,K,903ecf158a45a4ec03c5cd145ac4d7ac,3cf70284-ae08-485e-b4f3-d86488df3e7d
930c9348-57fa-4fee-91c7-14ff9d8c2393,GoNoGo,embar-rq0cp,SM-G781U,12,2022-02-09 19:22:39,2022-02-09 19:22:37,[,TRUE,61.33540372670807,Go No Go,2022/02/09 19:22:07,android,1,314,gonogo,{},Go No Go,118.01242236024845,1,0,275fcf11-a315-4ebc-a1a0-a8446bc396e3,1,1,0,1,X,903ecf158a45a4ec03c5cd145ac4d7ac,3cf70284-ae08-485e-b4f3-d86488df3e7d
930c9348-57fa-4fee-91c7-14ff9d8c2393,GoNoGo,embar-rq0cp,SM-G781U,12,2022-02-09 19:22:39,2022-02-09 19:22:37,[,TRUE,61.33540372670807,Go No Go,2022/02/09 19:22:08,android,1,326,gonogo,{},Go No Go,118.10411810411811,1,0,f44c63da-e0eb-4fa4-9ac8-fdda8f42bacf,1,1,1,1,R,903ecf158a45a4ec03c5cd145ac4d7ac,3cf70284-ae08-485e-b4f3-d86488df3e7d
930c9348-57fa-4fee-91c7-14ff9d8c2393,GoNoGo,embar-rq0cp,SM-G781U,12,2022-02-09 19:22:39,2022-02-09 19:22:37,[,TRUE,61.767005473025804,Go No Go,2022/02/09 19:22:10,android,1,314,gonogo,{},Go No Go,118.84284597341674,1,0,00610b36-4581-4f10-b3cc-c753133708a8,1,1,0,1,X,903ecf158a45a4ec03c5cd145ac4d7ac,3cf70284-ae08-485e-b4f3-d86488df3e7d
930c9348-57fa-4fee-91c7-14ff9d8c2393,GoNoGo,embar-rq0cp,SM-G781U,12,2022-02-09 19:22:39,2022-02-09 19:22:37,[,TRUE,61.767005473025804,Go No Go,2022/02/09 19:22:11,android,1,329,gonogo,{},Go No Go,117.27912431587178,1,0,26670ee9-22fa-4aad-9dbc-25e4e5f735f5,1,1,1,1,E,903ecf158a45a4ec03c5cd145ac4d7ac,3cf70284-ae08-485e-b4f3-d86488df3e7d
930c9348-57fa-4fee-91c7-14ff9d8c2393,GoNoGo,embar-rq0cp,SM-G781U,12,2022-02-09 19:22:39,2022-02-09 19:22:37,[,TRUE,61.478599221789885,Go No Go,2022/02/09 19:22:12,android,1,295,gonogo,{},Go No Go,118.28793774319067,1,0,d3bef875-0adf-49b5-9e86-75964c2227d9,1,1,1,1,N,903ecf158a45a4ec03c5cd145ac4d7ac,3cf70284-ae08-485e-b4f3-d86488df3e7d
930c9348-57fa-4fee-91c7-14ff9d8c2393,GoNoGo,embar-rq0cp,SM-G781U,12,2022-02-09 19:22:39,2022-02-09 19:22:37,[,TRUE,61.032863849765256,Go No Go,2022/02/09 19:22:14,android,1,-1,gonogo,{},Go No Go,118.15336463223787,1,0,440c893e-c748-4da6-822a-05fdfe22f5bc,1,1,1,0,Y,903ecf158a45a4ec03c5cd145ac4d7ac,3cf70284-ae08-485e-b4f3-d86488df3e7d
930c9348-57fa-4fee-91c7-14ff9d8c2393,GoNoGo,embar-rq0cp,SM-G781U,12,2022-02-09 19:22:39,2022-02-09 19:22:37,[,TRUE,61.4307931570762,Go No Go,2022/02/09 19:22:15,android,1,431,gonogo,{},Go No Go,118.97356143079315,1,0,06872c5c-41a0-4202-8951-519e2661335a,1,1,0,1,X,903ecf158a45a4ec03c5cd145ac4d7ac,3cf70284-ae08-485e-b4f3-d86488df3e7d
930c9348-57fa-4fee-91c7-14ff9d8c2393,GoNoGo,embar-rq0cp,SM-G781U,12,2022-02-09 19:22:39,2022-02-09 19:22:37,[,TRUE,62.009419152276294,Go No Go,2022/02/09 19:22:16,android,1,312,gonogo,{},Go No Go,118.5243328100471,1,0,5530ad29-d45d-4d29-852d-b7a36bc59825,1,1,1,1,C,903ecf158a45a4ec03c5cd145ac4d7ac,3cf70284-ae08-485e-b4f3-d86488df3e7d
930c9348-57fa-4fee-91c7-14ff9d8c2393,GoNoGo,embar-rq0cp,SM-G781U,12,2022-02-09 19:22:39,2022-02-09 19:22:37,[,TRUE,61.224489795918366,Go No Go,2022/02/09 19:22:17,android,1,609,gonogo,{},Go No Go,117.73940345368916,1,0,af5729c0-cbaa-432d-9a19-2b135e7aebe0,1,1,1,1,U,903ecf158a45a4ec03c5cd145ac4d7ac,3cf70284-ae08-485e-b4f3-d86488df3e7d
930c9348-57fa-4fee-91c7-14ff9d8c2393,GoNoGo,embar-rq0cp,SM-G781U,12,2022-02-09 19:22:39,2022-02-09 19:22:37,[,TRUE,61.478599221789885,Go No Go,2022/02/09 19:22:19,android,1,289,gonogo,{},Go No Go,118.28793774319067,1,0,9581a82d-fea8-4b9c-8168-1dbe915090d4,1,1,1,1,J,903ecf158a45a4ec03c5cd145ac4d7ac,3cf70284-ae08-485e-b4f3-d86488df3e7d
930c9348-57fa-4fee-91c7-14ff9d8c2393,GoNoGo,embar-rq0cp,SM-G781U,12,2022-02-09 19:22:39,2022-02-09 19:22:37,[,TRUE,61.33540372670807,Go No Go,2022/02/09 19:22:20,android,1,305,gonogo,{},Go No Go,118.01242236024845,1,0,dceaa665-3d50-44c4-946f-6ecfb7ca33f7,1,1,1,1,G,903ecf158a45a4ec03c5cd145ac4d7ac,3cf70284-ae08-485e-b4f3-d86488df3e7d
930c9348-57fa-4fee-91c7-14ff9d8c2393,GoNoGo,embar-rq0cp,SM-G781U,12,2022-02-09 19:22:39,2022-02-09 19:22:37,[,TRUE,61.86374314800314,Go No Go,2022/02/09 19:22:21,android,1,291,gonogo,{},Go No Go,119.12225705329153,1,0,30d49470-3044-4f84-b311-969d9c33b024,1,1,1,1,W,903ecf158a45a4ec03c5cd145ac4d7ac,3cf70284-ae08-485e-b4f3-d86488df3e7d
930c9348-57fa-4fee-91c7-14ff9d8c2393,GoNoGo,embar-rq0cp,SM-G781U,12,2022-02-09 19:22:39,2022-02-09 19:22:37,[,TRUE,61.767005473025804,Go No Go,2022/02/09 19:22:23,android,1,276,gonogo,{},Go No Go,118.06098514464426,1,0,42ea7f90-bc5c-4257-85bf-83d0eb26531d,1,1,1,1,P,903ecf158a45a4ec03c5cd145ac4d7ac,3cf70284-ae08-485e-b4f3-d86488df3e7d
930c9348-57fa-4fee-91c7-14ff9d8c2393,GoNoGo,embar-rq0cp,SM-G781U,12,2022-02-09 19:22:39,2022-02-09 19:22:37,[,TRUE,61.12852664576803,Go No Go,2022/02/09 19:22:24,android,1,285,gonogo,{},Go No Go,118.3385579937304,1,0,a3c27dfc-13af-43f8-afdf-e54cb1c42a53,1,1,0,1,X,903ecf158a45a4ec03c5cd145ac4d7ac,3cf70284-ae08-485e-b4f3-d86488df3e7d
930c9348-57fa-4fee-91c7-14ff9d8c2393,GoNoGo,embar-rq0cp,SM-G781U,12,2022-02-09 19:22:39,2022-02-09 19:22:37,[,TRUE,61.240310077519375,Go No Go,2022/02/09 19:22:25,android,1,351,gonogo,{},Go No Go,117.82945736434108,1,0,da6e0373-6b84-4a86-91ba-23635ff24a32,1,1,1,1,I,903ecf158a45a4ec03c5cd145ac4d7ac,3cf70284-ae08-485e-b4f3-d86488df3e7d
930c9348-57fa-4fee-91c7-14ff9d8c2393,GoNoGo,embar-rq0cp,SM-G781U,12,2022-02-09 19:22:39,2022-02-09 19:22:37,[,TRUE,61.62246489859594,Go No Go,2022/02/09 19:22:27,android,1,-1,gonogo,{},Go No Go,117.87665886026542,1,0,2fc421ed-bd35-40a3-a0b0-9199565c6a35,1,1,0,0,X,903ecf158a45a4ec03c5cd145ac4d7ac,3cf70284-ae08-485e-b4f3-d86488df3e7d
930c9348-57fa-4fee-91c7-14ff9d8c2393,GoNoGo,embar-rq0cp,SM-G781U,12,2022-02-09 19:22:39,2022-02-09 19:22:37,[,TRUE,61.96746707978312,Go No Go,2022/02/09 19:22:28,android,1,497,gonogo,{},Go No Go,118.51278079008522,1,0,89c90edd-4384-49f8-928b-8c6f39ff5b9e,1,1,1,1,V,903ecf158a45a4ec03c5cd145ac4d7ac,3cf70284-ae08-485e-b4f3-d86488df3e7d
bd9b8c1c-e87a-426d-aee7-e27e4db4b469,GoNoGo,embar-rq0cp,SM-G781U,12,2022-02-14 12:18:01,2022-02-14 12:17:58,[,TRUE,61.57443491816056,Go No Go,2022/02/14 12:17:14,android,1,-1,gonogo,{},Go No Go,118.47233047544817,1,0,150fe439-881f-42c0-84a6-2915cc7719d8,1,1,1,0,P,903ecf158a45a4ec03c5cd145ac4d7ac,6226a225-13f7-45af-8524-0a051003fc32
bd9b8c1c-e87a-426d-aee7-e27e4db4b469,GoNoGo,embar-rq0cp,SM-G781U,12,2022-02-14 12:18:01,2022-02-14 12:17:58,[,TRUE,61.62246489859594,Go No Go,2022/02/14 12:17:16,android,1,-1,gonogo,{},Go No Go,117.00468018720748,1,0,a9167b62-57c7-43ec-b0a3-79df3ec6198a,1,1,1,0,A,903ecf158a45a4ec03c5cd145ac4d7ac,6226a225-13f7-45af-8524-0a051003fc32
bd9b8c1c-e87a-426d-aee7-e27e4db4b469,GoNoGo,embar-rq0cp,SM-G781U,12,2022-02-14 12:18:01,2022-02-14 12:17:58,[,TRUE,61.670569867291185,Go No Go,2022/02/14 12:17:17,android,1,-1,gonogo,{},Go No Go,117.87665886026542,1,0,26133458-fe9a-4af7-9308-af82bb388a88,1,1,1,0,T,903ecf158a45a4ec03c5cd145ac4d7ac,6226a225-13f7-45af-8524-0a051003fc32
bd9b8c1c-e87a-426d-aee7-e27e4db4b469,GoNoGo,embar-rq0cp,SM-G781U,12,2022-02-14 12:18:01,2022-02-14 12:17:58,[,TRUE,61.478599221789885,Go No Go,2022/02/14 12:17:18,android,1,-1,gonogo,{},Go No Go,118.28793774319067,1,0,0bd905bd-8953-46fd-9ed9-d616f486d20e,1,1,0,0,X,903ecf158a45a4ec03c5cd145ac4d7ac,6226a225-13f7-45af-8524-0a051003fc32
bd9b8c1c-e87a-426d-aee7-e27e4db4b469,GoNoGo,embar-rq0cp,SM-G781U,12,2022-02-14 12:18:01,2022-02-14 12:17:58,[,TRUE,61.57443491816056,Go No Go,2022/02/14 12:17:20,android,1,-1,gonogo,{},Go No Go,117.69290724863602,1,0,1d37b03e-c1be-41c2-8bb7-b9a12ca00c8e,1,1,0,0,X,903ecf158a45a4ec03c5cd145ac4d7ac,6226a225-13f7-45af-8524-0a051003fc32
bd9b8c1c-e87a-426d-aee7-e27e4db4b469,GoNoGo,embar-rq0cp,SM-G781U,12,2022-02-14 12:18:01,2022-02-14 12:17:58,[,TRUE,61.57443491816056,Go No Go,2022/02/14 12:17:21,android,1,-1,gonogo,{},Go No Go,118.47233047544817,1,0,ef4166ec-6b45-4f6f-abd1-5973c6323b1a,1,1,0,0,X,903ecf158a45a4ec03c5cd145ac4d7ac,6226a225-13f7-45af-8524-0a051003fc32
bd9b8c1c-e87a-426d-aee7-e27e4db4b469,GoNoGo,embar-rq0cp,SM-G781U,12,2022-02-14 12:18:01,2022-02-14 12:17:58,[,TRUE,61.71875,Go No Go,2022/02/14 12:17:22,android,1,-1,gonogo,{},Go No Go,117.96875,1,0,d992eae9-9fdb-4bfb-9fe3-a7069a4af409,1,1,1,0,K,903ecf158a45a4ec03c5cd145ac4d7ac,6226a225-13f7-45af-8524-0a051003fc32
bd9b8c1c-e87a-426d-aee7-e27e4db4b469,GoNoGo,embar-rq0cp,SM-G781U,12,2022-02-14 12:18:01,2022-02-14 12:17:58,[,TRUE,61.670569867291185,Go No Go,2022/02/14 12:17:23,android,1,-1,gonogo,{},Go No Go,117.096018735363,1,0,1c732fb7-9cb5-4ecb-9ca2-e51af28ff3e8,1,1,1,0,U,903ecf158a45a4ec03c5cd145ac4d7ac,6226a225-13f7-45af-8524-0a051003fc32
bd9b8c1c-e87a-426d-aee7-e27e4db4b469,GoNoGo,embar-rq0cp,SM-G781U,12,2022-02-14 12:18:01,2022-02-14 12:17:58,[,TRUE,61.4307931570762,Go No Go,2022/02/14 12:17:25,android,1,-1,gonogo,{},Go No Go,118.1959564541213,1,0,cee65829-0428-4173-b496-c7bf4603650a,1,1,1,0,D,903ecf158a45a4ec03c5cd145ac4d7ac,6226a225-13f7-45af-8524-0a051003fc32
bd9b8c1c-e87a-426d-aee7-e27e4db4b469,GoNoGo,embar-rq0cp,SM-G781U,12,2022-02-14 12:18:01,2022-02-14 12:17:58,[,TRUE,61.62246489859594,Go No Go,2022/02/14 12:17:26,android,1,-1,gonogo,{},Go No Go,117.78471138845553,1,0,daacbdd5-87b9-42dd-8a29-935d75eeb88d,1,1,1,0,S,903ecf158a45a4ec03c5cd145ac4d7ac,6226a225-13f7-45af-8524-0a051003fc32
bd9b8c1c-e87a-426d-aee7-e27e4db4b469,GoNoGo,embar-rq0cp,SM-G781U,12,2022-02-14 12:18:01,2022-02-14 12:17:58,[,TRUE,61.57443491816056,Go No Go,2022/02/14 12:17:27,android,1,-1,gonogo,{},Go No Go,117.78471138845553,1,0,6b3c10d9-f5a6-4ed7-9a9e-5601eaed4a30,1,1,1,0,Q,903ecf158a45a4ec03c5cd145ac4d7ac,6226a225-13f7-45af-8524-0a051003fc32
bd9b8c1c-e87a-426d-aee7-e27e4db4b469,GoNoGo,embar-rq0cp,SM-G781U,12,2022-02-14 12:18:01,2022-02-14 12:17:58,[,TRUE,62.01550387596899,Go No Go,2022/02/14 12:17:29,android,1,-1,gonogo,{},Go No Go,118.60465116279069,1,0,9a5ca72e-6235-4a0e-b176-e38edd5345b7,1,1,0,0,X,903ecf158a45a4ec03c5cd145ac4d7ac,6226a225-13f7-45af-8524-0a051003fc32
bd9b8c1c-e87a-426d-aee7-e27e4db4b469,GoNoGo,embar-rq0cp,SM-G781U,12,2022-02-14 12:18:01,2022-02-14 12:17:58,[,TRUE,61.52647975077881,Go No Go,2022/02/14 12:17:30,android,1,-1,gonogo,{},Go No Go,117.601246105919,1,0,4670a4c2-0a96-4748-81ff-f27a4e1c702c,1,1,0,0,X,903ecf158a45a4ec03c5cd145ac4d7ac,6226a225-13f7-45af-8524-0a051003fc32
bd9b8c1c-e87a-426d-aee7-e27e4db4b469,GoNoGo,embar-rq0cp,SM-G781U,12,2022-02-14 12:18:01,2022-02-14 12:17:58,[,TRUE,61.33540372670807,Go No Go,2022/02/14 12:17:31,android,1,-1,gonogo,{},Go No Go,118.7888198757764,1,0,a2cde399-541e-4eb1-a328-99ca53a9bb9b,1,1,1,0,W,903ecf158a45a4ec03c5cd145ac4d7ac,6226a225-13f7-45af-8524-0a051003fc32
bd9b8c1c-e87a-426d-aee7-e27e4db4b469,GoNoGo,embar-rq0cp,SM-G781U,12,2022-02-14 12:18:01,2022-02-14 12:17:58,[,TRUE,61.33540372670807,Go No Go,2022/02/14 12:17:33,android,1,-1,gonogo,{},Go No Go,118.01242236024845,1,0,86eb7da4-faf3-44a4-8855-19ce7de00dd6,1,1,1,0,V,903ecf158a45a4ec03c5cd145ac4d7ac,6226a225-13f7-45af-8524-0a051003fc32
bd9b8c1c-e87a-426d-aee7-e27e4db4b469,GoNoGo,embar-rq0cp,SM-G781U,12,2022-02-14 12:18:01,2022-02-14 12:17:58,[,TRUE,61.86374314800314,Go No Go,2022/02/14 12:17:34,android,1,-1,gonogo,{},Go No Go,118.24588880187942,1,0,c70f227a-9d5a-4261-a83a-590b243253bb,1,1,1,0,C,903ecf158a45a4ec03c5cd145ac4d7ac,6226a225-13f7-45af-8524-0a051003fc32
bd9b8c1c-e87a-426d-aee7-e27e4db4b469,GoNoGo,embar-rq0cp,SM-G781U,12,2022-02-14 12:18:01,2022-02-14 12:17:58,[,TRUE,61.767005473025804,Go No Go,2022/02/14 12:17:35,android,1,-1,gonogo,{},Go No Go,116.4972634870993,1,0,8dc817f1-aa46-4630-b8dc-ac71d06946ba,1,1,1,0,M,903ecf158a45a4ec03c5cd145ac4d7ac,6226a225-13f7-45af-8524-0a051003fc32
bd9b8c1c-e87a-426d-aee7-e27e4db4b469,GoNoGo,embar-rq0cp,SM-G781U,12,2022-02-14 12:18:01,2022-02-14 12:17:58,[,TRUE,61.52647975077881,Go No Go,2022/02/14 12:17:36,android,1,-1,gonogo,{},Go No Go,118.38006230529595,1,0,808cca21-a150-4309-9cdb-995a73f29c00,1,1,1,0,O,903ecf158a45a4ec03c5cd145ac4d7ac,6226a225-13f7-45af-8524-0a051003fc32
bd9b8c1c-e87a-426d-aee7-e27e4db4b469,GoNoGo,embar-rq0cp,SM-G781U,12,2022-02-14 12:18:01,2022-02-14 12:17:58,[,TRUE,61.4307931570762,Go No Go,2022/02/14 12:17:38,android,1,-1,gonogo,{},Go No Go,118.28793774319067,1,0,14698d8d-33b5-4dd3-89c1-8bd0347a6e79,1,1,1,0,G,903ecf158a45a4ec03c5cd145ac4d7ac,6226a225-13f7-45af-8524-0a051003fc32
bd9b8c1c-e87a-426d-aee7-e27e4db4b469,GoNoGo,embar-rq0cp,SM-G781U,12,2022-02-14 12:18:01,2022-02-14 12:17:58,[,TRUE,61.52647975077881,Go No Go,2022/02/14 12:17:39,android,1,-1,gonogo,{},Go No Go,118.38006230529595,1,0,cf749db6-998e-48bb-b06e-0ee251db5115,1,1,1,0,B,903ecf158a45a4ec03c5cd145ac4d7ac,6226a225-13f7-45af-8524-0a051003fc32
bd9b8c1c-e87a-426d-aee7-e27e4db4b469,GoNoGo,embar-rq0cp,SM-G781U,12,2022-02-14 12:18:01,2022-02-14 12:17:58,[,TRUE,61.81533646322379,Go No Go,2022/02/14 12:17:40,android,1,-1,gonogo,{},Go No Go,118.15336463223787,1,0,94fe1370-03cd-4c64-af86-957cd8bcdae8,1,1,1,0,R,903ecf158a45a4ec03c5cd145ac4d7ac,6226a225-13f7-45af-8524-0a051003fc32
bd9b8c1c-e87a-426d-aee7-e27e4db4b469,GoNoGo,embar-rq0cp,SM-G781U,12,2022-02-14 12:18:01,2022-02-14 12:17:58,[,TRUE,61.478599221789885,Go No Go,2022/02/14 12:17:42,android,1,-1,gonogo,{},Go No Go,118.38006230529595,1,0,dabf8374-dcf9-49b1-88e1-a8da15affbbe,1,1,1,0,I,903ecf158a45a4ec03c5cd145ac4d7ac,6226a225-13f7-45af-8524-0a051003fc32
bd9b8c1c-e87a-426d-aee7-e27e4db4b469,GoNoGo,embar-rq0cp,SM-G781U,12,2022-02-14 12:18:01,2022-02-14 12:17:58,[,TRUE,61.52647975077881,Go No Go,2022/02/14 12:17:43,android,1,-1,gonogo,{},Go No Go,118.38006230529595,1,0,81ebf796-7691-4c3a-8b2f-76a976f38f0f,1,1,0,0,X,903ecf158a45a4ec03c5cd145ac4d7ac,6226a225-13f7-45af-8524-0a051003fc32
bd9b8c1c-e87a-426d-aee7-e27e4db4b469,GoNoGo,embar-rq0cp,SM-G781U,12,2022-02-14 12:18:01,2022-02-14 12:17:58,[,TRUE,61.52647975077881,Go No Go,2022/02/14 12:17:44,android,1,-1,gonogo,{},Go No Go,118.38006230529595,1,0,ab070c8e-5818-423a-961d-935a43a97a99,1,1,1,0,J,903ecf158a45a4ec03c5cd145ac4d7ac,6226a225-13f7-45af-8524-0a051003fc32
bd9b8c1c-e87a-426d-aee7-e27e4db4b469,GoNoGo,embar-rq0cp,SM-G781U,12,2022-02-14 12:18:01,2022-02-14 12:17:58,[,TRUE,62.009419152276294,Go No Go,2022/02/14 12:17:46,android,1,287,gonogo,{},Go No Go,117.73940345368916,1,0,ad135d2a-5e95-4336-ab9b-1793f04ad35d,1,1,1,1,Z,903ecf158a45a4ec03c5cd145ac4d7ac,6226a225-13f7-45af-8524-0a051003fc32
bd9b8c1c-e87a-426d-aee7-e27e4db4b469,GoNoGo,embar-rq0cp,SM-G781U,12,2022-02-14 12:18:01,2022-02-14 12:17:58,[,TRUE,61.52647975077881,Go No Go,2022/02/14 12:17:47,android,1,535,gonogo,{},Go No Go,117.69290724863602,1,0,f5fc2c28-a97e-40b3-9ea5-a9e3ea15f630,1,1,1,1,E,903ecf158a45a4ec03c5cd145ac4d7ac,6226a225-13f7-45af-8524-0a051003fc32
bd9b8c1c-e87a-426d-aee7-e27e4db4b469,GoNoGo,embar-rq0cp,SM-G781U,12,2022-02-14 12:18:01,2022-02-14 12:17:58,[,TRUE,61.38306138306139,Go No Go,2022/02/14 12:17:48,android,1,534,gonogo,{},Go No Go,118.8811188811189,1,0,6f2006ea-344b-4ac5-9234-617a1b3ee38a,1,1,1,1,F,903ecf158a45a4ec03c5cd145ac4d7ac,6226a225-13f7-45af-8524-0a051003fc32
bd9b8c1c-e87a-426d-aee7-e27e4db4b469,GoNoGo,embar-rq0cp,SM-G781U,12,2022-02-14 12:18:01,2022-02-14 12:17:58,[,TRUE,61.32075471698113,Go No Go,2022/02/14 12:17:49,android,1,423,gonogo,{},Go No Go,118.71069182389937,1,0,78f7719f-12f5-498c-8ce3-90845d728e0b,1,1,1,1,Y,903ecf158a45a4ec03c5cd145ac4d7ac,6226a225-13f7-45af-8524-0a051003fc32
bd9b8c1c-e87a-426d-aee7-e27e4db4b469,GoNoGo,embar-rq0cp,SM-G781U,12,2022-02-14 12:18:01,2022-02-14 12:17:58,[,TRUE,61.91222570532915,Go No Go,2022/02/14 12:17:51,android,1,312,gonogo,{},Go No Go,118.3385579937304,1,0,91e14a75-493c-404e-98dc-a2f3260ed4f2,1,1,1,1,L,903ecf158a45a4ec03c5cd145ac4d7ac,6226a225-13f7-45af-8524-0a051003fc32
bd9b8c1c-e87a-426d-aee7-e27e4db4b469,GoNoGo,embar-rq0cp,SM-G781U,12,2022-02-14 12:18:01,2022-02-14 12:17:58,[,TRUE,61.62246489859594,Go No Go,2022/02/14 12:17:52,android,1,345,gonogo,{},Go No Go,117.78471138845553,1,0,8a354311-46dc-418e-9c3f-3ab6d9437324,1,1,1,1,N,903ecf158a45a4ec03c5cd145ac4d7ac,6226a225-13f7-45af-8524-0a051003fc32
e6d6263d-c923-41b2-8f07-a8c360a77b7d,GoNoGo,embar-rq0cp,SM-G781U,12,2022-02-14 12:13:30,2022-02-14 12:13:28,[,TRUE,61.33540372670807,Go No Go,2022/02/14 12:12:39,android,1,-1,gonogo,{},Go No Go,118.10411810411811,1,0,3216857d-700f-406f-9765-90aea8973585,1,1,1,0,D,903ecf158a45a4ec03c5cd145ac4d7ac,ad61d34d-af4c-4101-8ff3-1de6038dbea9
e6d6263d-c923-41b2-8f07-a8c360a77b7d,GoNoGo,embar-rq0cp,SM-G781U,12,2022-02-14 12:13:30,2022-02-14 12:13:28,[,TRUE,61.52647975077881,Go No Go,2022/02/14 12:12:40,android,1,-1,gonogo,{},Go No Go,117.69290724863602,1,0,784303a2-4dbb-4740-8438-812ebad976cb,1,1,1,0,I,903ecf158a45a4ec03c5cd145ac4d7ac,ad61d34d-af4c-4101-8ff3-1de6038dbea9
e6d6263d-c923-41b2-8f07-a8c360a77b7d,GoNoGo,embar-rq0cp,SM-G781U,12,2022-02-14 12:13:30,2022-02-14 12:13:28,[,TRUE,61.81533646322379,Go No Go,2022/02/14 12:12:42,android,1,-1,gonogo,{},Go No Go,118.15336463223787,1,0,6712d26f-8332-48b9-851c-c24c8aa52168,1,1,1,0,N,903ecf158a45a4ec03c5cd145ac4d7ac,ad61d34d-af4c-4101-8ff3-1de6038dbea9
e6d6263d-c923-41b2-8f07-a8c360a77b7d,GoNoGo,embar-rq0cp,SM-G781U,12,2022-02-14 12:13:30,2022-02-14 12:13:28,[,TRUE,61.62246489859594,Go No Go,2022/02/14 12:12:43,android,1,-1,gonogo,{},Go No Go,117.00468018720748,1,0,300381b8-33fd-49e0-ab38-16073bcec605,1,1,1,0,Y,903ecf158a45a4ec03c5cd145ac4d7ac,ad61d34d-af4c-4101-8ff3-1de6038dbea9
e6d6263d-c923-41b2-8f07-a8c360a77b7d,GoNoGo,embar-rq0cp,SM-G781U,12,2022-02-14 12:13:30,2022-02-14 12:13:28,[,TRUE,61.38306138306139,Go No Go,2022/02/14 12:12:44,android,1,-1,gonogo,{},Go No Go,117.41835147744945,1,0,94c295db-586c-4639-8fce-18d972d970bc,1,1,1,0,W,903ecf158a45a4ec03c5cd145ac4d7ac,ad61d34d-af4c-4101-8ff3-1de6038dbea9
e6d6263d-c923-41b2-8f07-a8c360a77b7d,GoNoGo,embar-rq0cp,SM-G781U,12,2022-02-14 12:13:30,2022-02-14 12:13:28,[,TRUE,61.57443491816056,Go No Go,2022/02/14 12:12:46,android,1,550,gonogo,{},Go No Go,118.47233047544817,1,0,305b18b1-170c-4127-a1ac-968ae1b2d1c1,1,1,0,1,X,903ecf158a45a4ec03c5cd145ac4d7ac,ad61d34d-af4c-4101-8ff3-1de6038dbea9
e6d6263d-c923-41b2-8f07-a8c360a77b7d,GoNoGo,embar-rq0cp,SM-G781U,12,2022-02-14 12:13:30,2022-02-14 12:13:28,[,TRUE,61.52647975077881,Go No Go,2022/02/14 12:12:47,android,1,366,gonogo,{},Go No Go,118.38006230529595,1,0,a366ff93-b106-4624-aa32-f1fb67d445a0,1,1,1,1,G,903ecf158a45a4ec03c5cd145ac4d7ac,ad61d34d-af4c-4101-8ff3-1de6038dbea9
e6d6263d-c923-41b2-8f07-a8c360a77b7d,GoNoGo,embar-rq0cp,SM-G781U,12,2022-02-14 12:13:30,2022-02-14 12:13:28,[,TRUE,61.96746707978312,Go No Go,2022/02/14 12:12:48,android,1,-1,gonogo,{},Go No Go,117.73818745158792,1,0,081a747f-99ee-49fb-973b-bb1b1a764b88,1,1,1,0,K,903ecf158a45a4ec03c5cd145ac4d7ac,ad61d34d-af4c-4101-8ff3-1de6038dbea9
e6d6263d-c923-41b2-8f07-a8c360a77b7d,GoNoGo,embar-rq0cp,SM-G781U,12,2022-02-14 12:13:30,2022-02-14 12:13:28,[,TRUE,61.767005473025804,Go No Go,2022/02/14 12:12:49,android,1,365,gonogo,{},Go No Go,118.06098514464426,1,0,40ab554e-0443-46a7-89e0-f2bb8b19a75a,1,1,1,1,L,903ecf158a45a4ec03c5cd145ac4d7ac,ad61d34d-af4c-4101-8ff3-1de6038dbea9
e6d6263d-c923-41b2-8f07-a8c360a77b7d,GoNoGo,embar-rq0cp,SM-G781U,12,2022-02-14 12:13:30,2022-02-14 12:13:28,[,TRUE,61.670569867291185,Go No Go,2022/02/14 12:12:51,android,1,290,gonogo,{},Go No Go,117.87665886026542,1,0,8d35cb03-a8e0-4494-890a-e523e813c89b,1,1,1,1,B,903ecf158a45a4ec03c5cd145ac4d7ac,ad61d34d-af4c-4101-8ff3-1de6038dbea9
e6d6263d-c923-41b2-8f07-a8c360a77b7d,GoNoGo,embar-rq0cp,SM-G781U,12,2022-02-14 12:13:30,2022-02-14 12:13:28,[,TRUE,61.62246489859594,Go No Go,2022/02/14 12:12:52,android,1,-1,gonogo,{},Go No Go,117.78471138845553,1,0,8e676145-3884-4c98-ae99-19885f903a77,1,1,0,0,X,903ecf158a45a4ec03c5cd145ac4d7ac,ad61d34d-af4c-4101-8ff3-1de6038dbea9
e6d6263d-c923-41b2-8f07-a8c360a77b7d,GoNoGo,embar-rq0cp,SM-G781U,12,2022-02-14 12:13:30,2022-02-14 12:13:28,[,TRUE,61.91222570532915,Go No Go,2022/02/14 12:12:53,android,1,331,gonogo,{},Go No Go,118.3385579937304,1,0,1245b2e0-7f89-4c4e-8a3e-1605129c3d69,1,1,1,1,E,903ecf158a45a4ec03c5cd145ac4d7ac,ad61d34d-af4c-4101-8ff3-1de6038dbea9
e6d6263d-c923-41b2-8f07-a8c360a77b7d,GoNoGo,embar-rq0cp,SM-G781U,12,2022-02-14 12:13:30,2022-02-14 12:13:28,[,TRUE,61.670569867291185,Go No Go,2022/02/14 12:12:55,android,1,307,gonogo,{},Go No Go,118.65729898516784,1,0,e0892642-1fb2-4054-a706-6e8f7c9d5cbe,1,1,0,1,X,903ecf158a45a4ec03c5cd145ac4d7ac,ad61d34d-af4c-4101-8ff3-1de6038dbea9
e6d6263d-c923-41b2-8f07-a8c360a77b7d,GoNoGo,embar-rq0cp,SM-G781U,12,2022-02-14 12:13:30,2022-02-14 12:13:28,[,TRUE,61.38306138306139,Go No Go,2022/02/14 12:12:56,android,1,305,gonogo,{},Go No Go,118.1959564541213,1,0,fa79bb8f-cb72-46b0-9200-69d4e0686c3d,1,1,1,1,P,903ecf158a45a4ec03c5cd145ac4d7ac,ad61d34d-af4c-4101-8ff3-1de6038dbea9
e6d6263d-c923-41b2-8f07-a8c360a77b7d,GoNoGo,embar-rq0cp,SM-G781U,12,2022-02-14 12:13:30,2022-02-14 12:13:28,[,TRUE,61.62246489859594,Go No Go,2022/02/14 12:12:57,android,1,305,gonogo,{},Go No Go,118.56474258970358,1,0,c18813c1-d12d-4020-bf06-b7d8273b02cc,1,1,1,1,A,903ecf158a45a4ec03c5cd145ac4d7ac,ad61d34d-af4c-4101-8ff3-1de6038dbea9
e6d6263d-c923-41b2-8f07-a8c360a77b7d,GoNoGo,embar-rq0cp,SM-G781U,12,2022-02-14 12:13:30,2022-02-14 12:13:28,[,TRUE,61.81533646322379,Go No Go,2022/02/14 12:12:59,android,1,417,gonogo,{},Go No Go,118.15336463223787,1,0,3a7f845e-5dbc-4adc-a4b1-fb1238bb4768,1,1,1,1,C,903ecf158a45a4ec03c5cd145ac4d7ac,ad61d34d-af4c-4101-8ff3-1de6038dbea9
e6d6263d-c923-41b2-8f07-a8c360a77b7d,GoNoGo,embar-rq0cp,SM-G781U,12,2022-02-14 12:13:30,2022-02-14 12:13:28,[,TRUE,61.71875,Go No Go,2022/02/14 12:13:00,android,1,484,gonogo,{},Go No Go,118.06098514464426,1,0,5267ef55-bbeb-44fa-b3ca-7dc1654dea6e,1,1,1,1,F,903ecf158a45a4ec03c5cd145ac4d7ac,ad61d34d-af4c-4101-8ff3-1de6038dbea9
e6d6263d-c923-41b2-8f07-a8c360a77b7d,GoNoGo,embar-rq0cp,SM-G781U,12,2022-02-14 12:13:30,2022-02-14 12:13:28,[,TRUE,61.62246489859594,Go No Go,2022/02/14 12:13:01,android,1,496,gonogo,{},Go No Go,118.56474258970358,1,0,6c12cee8-8fd4-4006-8dcb-5c64f5a0eb30,1,1,1,1,Z,903ecf158a45a4ec03c5cd145ac4d7ac,ad61d34d-af4c-4101-8ff3-1de6038dbea9
e6d6263d-c923-41b2-8f07-a8c360a77b7d,GoNoGo,embar-rq0cp,SM-G781U,12,2022-02-14 12:13:30,2022-02-14 12:13:28,[,TRUE,61.57443491816056,Go No Go,2022/02/14 12:13:02,android,1,-1,gonogo,{},Go No Go,117.78471138845553,1,0,caf64379-3178-4f06-86ad-cd3ce845698a,1,1,0,0,X,903ecf158a45a4ec03c5cd145ac4d7ac,ad61d34d-af4c-4101-8ff3-1de6038dbea9
e6d6263d-c923-41b2-8f07-a8c360a77b7d,GoNoGo,embar-rq0cp,SM-G781U,12,2022-02-14 12:13:30,2022-02-14 12:13:28,[,TRUE,61.62246489859594,Go No Go,2022/02/14 12:13:04,android,1,559,gonogo,{},Go No Go,118.56474258970358,1,0,666d0e4e-ee73-4be6-9b85-356e568edcdc,1,1,1,1,V,903ecf158a45a4ec03c5cd145ac4d7ac,ad61d34d-af4c-4101-8ff3-1de6038dbea9
e6d6263d-c923-41b2-8f07-a8c360a77b7d,GoNoGo,embar-rq0cp,SM-G781U,12,2022-02-14 12:13:30,2022-02-14 12:13:28,[,TRUE,61.87161639597835,Go No Go,2022/02/14 12:13:05,android,1,494,gonogo,{},Go No Go,117.55607115235887,1,0,6d4797f1-8076-4fd0-bead-f8d7af3960cc,1,1,1,1,S,903ecf158a45a4ec03c5cd145ac4d7ac,ad61d34d-af4c-4101-8ff3-1de6038dbea9
e6d6263d-c923-41b2-8f07-a8c360a77b7d,GoNoGo,embar-rq0cp,SM-G781U,12,2022-02-14 12:13:30,2022-02-14 12:13:28,[,TRUE,61.52647975077881,Go No Go,2022/02/14 12:13:06,android,1,356,gonogo,{},Go No Go,118.47233047544817,1,0,ef79c2c1-a499-439f-bc75-8e2ddc3370ae,1,1,1,1,Q,903ecf158a45a4ec03c5cd145ac4d7ac,ad61d34d-af4c-4101-8ff3-1de6038dbea9
e6d6263d-c923-41b2-8f07-a8c360a77b7d,GoNoGo,embar-rq0cp,SM-G781U,12,2022-02-14 12:13:30,2022-02-14 12:13:28,[,TRUE,61.38306138306139,Go No Go,2022/02/14 12:13:08,android,1,-1,gonogo,{},Go No Go,118.10411810411811,1,0,2e22372e-7283-44c6-9df6-9c0a8e851bf5,1,1,0,0,X,903ecf158a45a4ec03c5cd145ac4d7ac,ad61d34d-af4c-4101-8ff3-1de6038dbea9
e6d6263d-c923-41b2-8f07-a8c360a77b7d,GoNoGo,embar-rq0cp,SM-G781U,12,2022-02-14 12:13:30,2022-02-14 12:13:28,[,TRUE,61.478599221789885,Go No Go,2022/02/14 12:13:09,android,1,349,gonogo,{},Go No Go,117.50972762645915,1,0,78ba8379-2925-4399-a828-eba4698c568e,1,1,1,1,J,903ecf158a45a4ec03c5cd145ac4d7ac,ad61d34d-af4c-4101-8ff3-1de6038dbea9
e6d6263d-c923-41b2-8f07-a8c360a77b7d,GoNoGo,embar-rq0cp,SM-G781U,12,2022-02-14 12:13:30,2022-02-14 12:13:28,[,TRUE,62.009419152276294,Go No Go,2022/02/14 12:13:10,android,1,323,gonogo,{},Go No Go,118.5243328100471,1,0,fc2d5b43-fb30-4378-9b70-84b9abd25326,1,1,1,1,M,903ecf158a45a4ec03c5cd145ac4d7ac,ad61d34d-af4c-4101-8ff3-1de6038dbea9
e6d6263d-c923-41b2-8f07-a8c360a77b7d,GoNoGo,embar-rq0cp,SM-G781U,12,2022-02-14 12:13:30,2022-02-14 12:13:28,[,TRUE,61.52647975077881,Go No Go,2022/02/14 12:13:12,android,1,445,gonogo,{},Go No Go,118.38006230529595,1,0,c3ddaa3f-b437-429d-8a4d-da1596106775,1,1,1,1,U,903ecf158a45a4ec03c5cd145ac4d7ac,ad61d34d-af4c-4101-8ff3-1de6038dbea9
e6d6263d-c923-41b2-8f07-a8c360a77b7d,GoNoGo,embar-rq0cp,SM-G781U,12,2022-02-14 12:13:30,2022-02-14 12:13:28,[,TRUE,61.4307931570762,Go No Go,2022/02/14 12:13:13,android,1,336,gonogo,{},Go No Go,118.1959564541213,1,0,78bbbed2-c691-4de8-a427-62e65d02165f,1,1,1,1,T,903ecf158a45a4ec03c5cd145ac4d7ac,ad61d34d-af4c-4101-8ff3-1de6038dbea9
e6d6263d-c923-41b2-8f07-a8c360a77b7d,GoNoGo,embar-rq0cp,SM-G781U,12,2022-02-14 12:13:30,2022-02-14 12:13:28,[,TRUE,61.32075471698113,Go No Go,2022/02/14 12:13:14,android,1,360,gonogo,{},Go No Go,118.71069182389937,1,0,7d8031c7-9c22-4768-b37e-c0fe2307e25a,1,1,1,1,O,903ecf158a45a4ec03c5cd145ac4d7ac,ad61d34d-af4c-4101-8ff3-1de6038dbea9
e6d6263d-c923-41b2-8f07-a8c360a77b7d,GoNoGo,embar-rq0cp,SM-G781U,12,2022-02-14 12:13:30,2022-02-14 12:13:28,[,TRUE,61.767005473025804,Go No Go,2022/02/14 12:13:15,android,1,-1,gonogo,{},Go No Go,118.15336463223787,1,0,ccb656ee-a065-4b46-9dfc-67f192dfc667,1,1,0,0,X,903ecf158a45a4ec03c5cd145ac4d7ac,ad61d34d-af4c-4101-8ff3-1de6038dbea9
e6d6263d-c923-41b2-8f07-a8c360a77b7d,GoNoGo,embar-rq0cp,SM-G781U,12,2022-02-14 12:13:30,2022-02-14 12:13:28,[,TRUE,61.72839506172839,Go No Go,2022/02/14 12:13:17,android,1,331,gonogo,{},Go No Go,118.05555555555556,1,0,38d210f5-7fb8-4f89-b069-82373be82792,1,1,1,1,R,903ecf158a45a4ec03c5cd145ac4d7ac,ad61d34d-af4c-4101-8ff3-1de6038dbea9
22036268-c6b7-4190-9d1d-7e4eefa1040c,GoNoGo,embar-rq0cp,SM-G781U,12,2022-02-15 11:36:46,2022-02-15 11:36:44,[,TRUE,61.57443491816056,Go No Go,2022/02/15 11:35:36,android,1,-1,gonogo,{},Go No Go,117.69290724863602,1,0,53f21b48-a842-4a73-8b48-16067d75a914,1,1,1,0,E,903ecf158a45a4ec03c5cd145ac4d7ac,d08b9691-2c21-4738-bb00-567fc881c05c
22036268-c6b7-4190-9d1d-7e4eefa1040c,GoNoGo,embar-rq0cp,SM-G781U,12,2022-02-15 11:36:46,2022-02-15 11:36:44,[,TRUE,61.38306138306139,Go No Go,2022/02/15 11:35:38,android,1,-1,gonogo,{},Go No Go,118.1959564541213,1,0,5df94630-fd11-4f96-83e7-8f28dab03cad,1,1,1,0,T,903ecf158a45a4ec03c5cd145ac4d7ac,d08b9691-2c21-4738-bb00-567fc881c05c
22036268-c6b7-4190-9d1d-7e4eefa1040c,GoNoGo,embar-rq0cp,SM-G781U,12,2022-02-15 11:36:46,2022-02-15 11:36:44,[,TRUE,61.240310077519375,Go No Go,2022/02/15 11:35:39,android,1,-1,gonogo,{},Go No Go,117.92086889061288,1,0,a1fa922e-3a51-43c4-81ce-348c056fd48b,1,1,1,0,K,903ecf158a45a4ec03c5cd145ac4d7ac,d08b9691-2c21-4738-bb00-567fc881c05c
22036268-c6b7-4190-9d1d-7e4eefa1040c,GoNoGo,embar-rq0cp,SM-G781U,12,2022-02-15 11:36:46,2022-02-15 11:36:44,[,TRUE,61.670569867291185,Go No Go,2022/02/15 11:35:40,android,1,-1,gonogo,{},Go No Go,117.87665886026542,1,0,a4dc16c2-2ca9-4445-af5c-63c526b13f98,1,1,1,0,N,903ecf158a45a4ec03c5cd145ac4d7ac,d08b9691-2c21-4738-bb00-567fc881c05c
22036268-c6b7-4190-9d1d-7e4eefa1040c,GoNoGo,embar-rq0cp,SM-G781U,12,2022-02-15 11:36:46,2022-02-15 11:36:44,[,TRUE,61.71875,Go No Go,2022/02/15 11:35:42,android,1,-1,gonogo,{},Go No Go,117.96875,1,0,3118d201-37e5-481b-bf8f-53a5a737cabf,1,1,1,0,I,903ecf158a45a4ec03c5cd145ac4d7ac,d08b9691-2c21-4738-bb00-567fc881c05c
22036268-c6b7-4190-9d1d-7e4eefa1040c,GoNoGo,embar-rq0cp,SM-G781U,12,2022-02-15 11:36:46,2022-02-15 11:36:44,[,TRUE,61.38306138306139,Go No Go,2022/02/15 11:35:43,android,1,-1,gonogo,{},Go No Go,118.1959564541213,1,0,f0cdc98d-aa57-44f8-806d-4853d4d87c88,1,1,1,0,S,903ecf158a45a4ec03c5cd145ac4d7ac,d08b9691-2c21-4738-bb00-567fc881c05c
22036268-c6b7-4190-9d1d-7e4eefa1040c,GoNoGo,embar-rq0cp,SM-G781U,12,2022-02-15 11:36:46,2022-02-15 11:36:44,[,TRUE,61.478599221789885,Go No Go,2022/02/15 11:35:44,android,1,-1,gonogo,{},Go No Go,118.28793774319067,1,0,1c90604a-cb01-4716-ade3-b5be3efce329,1,1,1,0,Q,903ecf158a45a4ec03c5cd145ac4d7ac,d08b9691-2c21-4738-bb00-567fc881c05c
22036268-c6b7-4190-9d1d-7e4eefa1040c,GoNoGo,embar-rq0cp,SM-G781U,12,2022-02-15 11:36:46,2022-02-15 11:36:44,[,TRUE,61.4307931570762,Go No Go,2022/02/15 11:35:45,android,1,-1,gonogo,{},Go No Go,118.97356143079315,1,0,54be299d-a162-4ca6-9b4f-3846ec682f45,1,1,1,0,Y,903ecf158a45a4ec03c5cd145ac4d7ac,d08b9691-2c21-4738-bb00-567fc881c05c
22036268-c6b7-4190-9d1d-7e4eefa1040c,GoNoGo,embar-rq0cp,SM-G781U,12,2022-02-15 11:36:46,2022-02-15 11:36:44,[,TRUE,61.96746707978312,Go No Go,2022/02/15 11:35:47,android,1,-1,gonogo,{},Go No Go,117.73818745158792,1,0,74aa3762-d75b-4b15-aa60-7668509261d5,1,1,0,0,X,903ecf158a45a4ec03c5cd145ac4d7ac,d08b9691-2c21-4738-bb00-567fc881c05c
22036268-c6b7-4190-9d1d-7e4eefa1040c,GoNoGo,embar-rq0cp,SM-G781U,12,2022-02-15 11:36:46,2022-02-15 11:36:44,[,TRUE,61.52647975077881,Go No Go,2022/02/15 11:35:48,android,1,-1,gonogo,{},Go No Go,117.601246105919,1,0,a6cb22ed-eb83-4649-b49b-bbae397b445a,1,1,1,0,J,903ecf158a45a4ec03c5cd145ac4d7ac,d08b9691-2c21-4738-bb00-567fc881c05c
22036268-c6b7-4190-9d1d-7e4eefa1040c,GoNoGo,embar-rq0cp,SM-G781U,12,2022-02-15 11:36:46,2022-02-15 11:36:44,[,TRUE,61.478599221789885,Go No Go,2022/02/15 11:35:49,android,1,-1,gonogo,{},Go No Go,118.38006230529595,1,0,c08fe6f1-7349-40ee-89d2-196422c4eb7d,1,1,1,0,U,903ecf158a45a4ec03c5cd145ac4d7ac,d08b9691-2c21-4738-bb00-567fc881c05c
22036268-c6b7-4190-9d1d-7e4eefa1040c,GoNoGo,embar-rq0cp,SM-G781U,12,2022-02-15 11:36:46,2022-02-15 11:36:44,[,TRUE,61.52647975077881,Go No Go,2022/02/15 11:35:51,android,1,-1,gonogo,{},Go No Go,117.601246105919,1,0,584ed511-59b9-4c02-89a1-55d5c12dcc76,1,1,1,0,L,903ecf158a45a4ec03c5cd145ac4d7ac,d08b9691-2c21-4738-bb00-567fc881c05c
22036268-c6b7-4190-9d1d-7e4eefa1040c,GoNoGo,embar-rq0cp,SM-G781U,12,2022-02-15 11:36:46,2022-02-15 11:36:44,[,TRUE,61.81533646322379,Go No Go,2022/02/15 11:35:52,android,1,-1,gonogo,{},Go No Go,118.9358372456964,1,0,c8207f37-a53d-4426-94a5-c18953ff64a9,1,1,0,0,X,903ecf158a45a4ec03c5cd145ac4d7ac,d08b9691-2c21-4738-bb00-567fc881c05c
22036268-c6b7-4190-9d1d-7e4eefa1040c,GoNoGo,embar-rq0cp,SM-G781U,12,2022-02-15 11:36:46,2022-02-15 11:36:44,[,TRUE,61.71875,Go No Go,2022/02/15 11:35:53,android,1,-1,gonogo,{},Go No Go,118.06098514464426,1,0,78673d5e-328f-41ac-a09e-4a9c642273ba,1,1,1,0,R,903ecf158a45a4ec03c5cd145ac4d7ac,d08b9691-2c21-4738-bb00-567fc881c05c
22036268-c6b7-4190-9d1d-7e4eefa1040c,GoNoGo,embar-rq0cp,SM-G781U,12,2022-02-15 11:36:46,2022-02-15 11:36:44,[,TRUE,61.4307931570762,Go No Go,2022/02/15 11:35:55,android,1,-1,gonogo,{},Go No Go,118.28793774319067,1,0,1fdc8dbf-ccb5-43c7-aaf1-f0aaaf2ff5e2,1,1,1,0,B,903ecf158a45a4ec03c5cd145ac4d7ac,d08b9691-2c21-4738-bb00-567fc881c05c
22036268-c6b7-4190-9d1d-7e4eefa1040c,GoNoGo,embar-rq0cp,SM-G781U,12,2022-02-15 11:36:46,2022-02-15 11:36:44,[,TRUE,61.38306138306139,Go No Go,2022/02/15 11:35:56,android,1,-1,gonogo,{},Go No Go,118.10411810411811,1,0,7d8c0c19-0e51-46af-b032-ebea0eb22c24,1,1,1,0,C,903ecf158a45a4ec03c5cd145ac4d7ac,d08b9691-2c21-4738-bb00-567fc881c05c
22036268-c6b7-4190-9d1d-7e4eefa1040c,GoNoGo,embar-rq0cp,SM-G781U,12,2022-02-15 11:36:46,2022-02-15 11:36:44,[,TRUE,61.478599221789885,Go No Go,2022/02/15 11:35:57,android,1,-1,gonogo,{},Go No Go,118.28793774319067,1,0,028b7ddc-2edb-40b3-8b3c-269d98140f9b,1,1,1,0,P,903ecf158a45a4ec03c5cd145ac4d7ac,d08b9691-2c21-4738-bb00-567fc881c05c
22036268-c6b7-4190-9d1d-7e4eefa1040c,GoNoGo,embar-rq0cp,SM-G781U,12,2022-02-15 11:36:46,2022-02-15 11:36:44,[,TRUE,61.96746707978312,Go No Go,2022/02/15 11:35:58,android,1,-1,gonogo,{},Go No Go,118.51278079008522,1,0,c7591136-ee20-47f1-af00-5fd0c0cdb0e8,1,1,0,0,X,903ecf158a45a4ec03c5cd145ac4d7ac,d08b9691-2c21-4738-bb00-567fc881c05c
22036268-c6b7-4190-9d1d-7e4eefa1040c,GoNoGo,embar-rq0cp,SM-G781U,12,2022-02-15 11:36:46,2022-02-15 11:36:44,[,TRUE,61.33540372670807,Go No Go,2022/02/15 11:36:00,android,1,-1,gonogo,{},Go No Go,117.23602484472049,1,0,63394627-fdd7-448e-9e2f-7355e2e405dc,1,1,1,0,O,903ecf158a45a4ec03c5cd145ac4d7ac,d08b9691-2c21-4738-bb00-567fc881c05c
22036268-c6b7-4190-9d1d-7e4eefa1040c,GoNoGo,embar-rq0cp,SM-G781U,12,2022-02-15 11:36:46,2022-02-15 11:36:44,[,TRUE,61.38306138306139,Go No Go,2022/02/15 11:36:01,android,1,-1,gonogo,{},Go No Go,118.1959564541213,1,0,96dd7fe7-d4ce-4e54-b272-367102fec0f4,1,1,0,0,X,903ecf158a45a4ec03c5cd145ac4d7ac,d08b9691-2c21-4738-bb00-567fc881c05c
22036268-c6b7-4190-9d1d-7e4eefa1040c,GoNoGo,embar-rq0cp,SM-G781U,12,2022-02-15 11:36:46,2022-02-15 11:36:44,[,TRUE,61.38306138306139,Go No Go,2022/02/15 11:36:02,android,1,-1,gonogo,{},Go No Go,118.10411810411811,1,0,4aeb03fb-7c4d-4221-b524-f03648534b2e,1,1,0,0,X,903ecf158a45a4ec03c5cd145ac4d7ac,d08b9691-2c21-4738-bb00-567fc881c05c
22036268-c6b7-4190-9d1d-7e4eefa1040c,GoNoGo,embar-rq0cp,SM-G781U,12,2022-02-15 11:36:46,2022-02-15 11:36:44,[,TRUE,61.81533646322379,Go No Go,2022/02/15 11:36:04,android,1,-1,gonogo,{},Go No Go,118.15336463223787,1,0,242dfd44-4076-4391-ab4c-731becd823fd,1,1,1,0,Z,903ecf158a45a4ec03c5cd145ac4d7ac,d08b9691-2c21-4738-bb00-567fc881c05c
22036268-c6b7-4190-9d1d-7e4eefa1040c,GoNoGo,embar-rq0cp,SM-G781U,12,2022-02-15 11:36:46,2022-02-15 11:36:44,[,TRUE,61.670569867291185,Go No Go,2022/02/15 11:36:05,android,1,-1,gonogo,{},Go No Go,117.87665886026542,1,0,a125be6f-b557-46bd-8734-92c61c2d71e1,1,1,1,0,M,903ecf158a45a4ec03c5cd145ac4d7ac,d08b9691-2c21-4738-bb00-567fc881c05c
22036268-c6b7-4190-9d1d-7e4eefa1040c,GoNoGo,embar-rq0cp,SM-G781U,12,2022-02-15 11:36:46,2022-02-15 11:36:44,[,TRUE,61.38306138306139,Go No Go,2022/02/15 11:36:06,android,1,-1,gonogo,{},Go No Go,118.10411810411811,1,0,7b3c5516-9caa-46d3-91c4-9be79f2c5f30,1,1,1,0,H,903ecf158a45a4ec03c5cd145ac4d7ac,d08b9691-2c21-4738-bb00-567fc881c05c
22036268-c6b7-4190-9d1d-7e4eefa1040c,GoNoGo,embar-rq0cp,SM-G781U,12,2022-02-15 11:36:46,2022-02-15 11:36:44,[,TRUE,61.4307931570762,Go No Go,2022/02/15 11:36:08,android,1,-1,gonogo,{},Go No Go,118.28793774319067,1,0,87b5564e-1e21-40ac-a1df-c267b0a72297,1,1,1,0,F,903ecf158a45a4ec03c5cd145ac4d7ac,d08b9691-2c21-4738-bb00-567fc881c05c
22036268-c6b7-4190-9d1d-7e4eefa1040c,GoNoGo,embar-rq0cp,SM-G781U,12,2022-02-15 11:36:46,2022-02-15 11:36:44,[,TRUE,61.57443491816056,Go No Go,2022/02/15 11:36:09,android,1,-1,gonogo,{},Go No Go,118.47233047544817,1,0,83e0ae44-b1a7-47c5-a093-2d6983738a13,1,1,1,0,A,903ecf158a45a4ec03c5cd145ac4d7ac,d08b9691-2c21-4738-bb00-567fc881c05c
22036268-c6b7-4190-9d1d-7e4eefa1040c,GoNoGo,embar-rq0cp,SM-G781U,12,2022-02-15 11:36:46,2022-02-15 11:36:44,[,TRUE,61.96746707978312,Go No Go,2022/02/15 11:36:10,android,1,-1,gonogo,{},Go No Go,117.73818745158792,1,0,3207924c-a65e-4ac5-a7f7-84d9b70971be,1,1,1,0,W,903ecf158a45a4ec03c5cd145ac4d7ac,d08b9691-2c21-4738-bb00-567fc881c05c
22036268-c6b7-4190-9d1d-7e4eefa1040c,GoNoGo,embar-rq0cp,SM-G781U,12,2022-02-15 11:36:46,2022-02-15 11:36:44,[,TRUE,61.33540372670807,Go No Go,2022/02/15 11:36:11,android,1,-1,gonogo,{},Go No Go,118.01242236024845,1,0,dad0e648-df2b-4587-857d-b164e0f339ed,1,1,1,0,V,903ecf158a45a4ec03c5cd145ac4d7ac,d08b9691-2c21-4738-bb00-567fc881c05c
22036268-c6b7-4190-9d1d-7e4eefa1040c,GoNoGo,embar-rq0cp,SM-G781U,12,2022-02-15 11:36:46,2022-02-15 11:36:44,[,TRUE,61.38306138306139,Go No Go,2022/02/15 11:36:13,android,1,-1,gonogo,{},Go No Go,118.1959564541213,1,0,b0f2c901-7005-4473-9081-7e75646aa582,1,1,1,0,D,903ecf158a45a4ec03c5cd145ac4d7ac,d08b9691-2c21-4738-bb00-567fc881c05c
22036268-c6b7-4190-9d1d-7e4eefa1040c,GoNoGo,embar-rq0cp,SM-G781U,12,2022-02-15 11:36:46,2022-02-15 11:36:44,[,TRUE,61.4307931570762,Go No Go,2022/02/15 11:36:14,android,1,-1,gonogo,{},Go No Go,118.28793774319067,1,0,8ce31edc-9290-4e9a-adca-8c9676c4b995,1,1,0,0,X,903ecf158a45a4ec03c5cd145ac4d7ac,d08b9691-2c21-4738-bb00-567fc881c05c
694e3b8a-0fc2-43b4-9804-d402dcde7a07,GoNoGo,embar-rq0cp,SM-G781U,12,2022-02-10 14:35:21,2022-02-10 14:35:19,[,TRUE,61.87161639597835,Go No Go,2022/02/10 14:34:10,android,1,-1,gonogo,{},Go No Go,118.32946635730859,1,0,9dc682b9-ed74-498d-9a54-2ae6b56780f3,1,1,1,0,V,903ecf158a45a4ec03c5cd145ac4d7ac,dcbb069b-f3b9-4517-9b73-606a7e3b0941
694e3b8a-0fc2-43b4-9804-d402dcde7a07,GoNoGo,embar-rq0cp,SM-G781U,12,2022-02-10 14:35:21,2022-02-10 14:35:19,[,TRUE,61.62246489859594,Go No Go,2022/02/10 14:34:11,android,1,-1,gonogo,{},Go No Go,116.22464898595943,1,0,baa05e3a-36b9-4d7c-9ba0-86741e966831,1,1,1,0,A,903ecf158a45a4ec03c5cd145ac4d7ac,dcbb069b-f3b9-4517-9b73-606a7e3b0941
694e3b8a-0fc2-43b4-9804-d402dcde7a07,GoNoGo,embar-rq0cp,SM-G781U,12,2022-02-10 14:35:21,2022-02-10 14:35:19,[,TRUE,61.224489795918366,Go No Go,2022/02/10 14:34:12,android,1,-1,gonogo,{},Go No Go,118.5243328100471,1,0,64159202-f9aa-4c95-9ae5-0678575db227,1,1,1,0,L,903ecf158a45a4ec03c5cd145ac4d7ac,dcbb069b-f3b9-4517-9b73-606a7e3b0941
694e3b8a-0fc2-43b4-9804-d402dcde7a07,GoNoGo,embar-rq0cp,SM-G781U,12,2022-02-10 14:35:21,2022-02-10 14:35:19,[,TRUE,61.12852664576803,Go No Go,2022/02/10 14:34:14,android,1,-1,gonogo,{},Go No Go,117.64705882352942,1,0,57330951-29a2-4ec2-9784-f79893d7c050,1,1,1,0,C,903ecf158a45a4ec03c5cd145ac4d7ac,dcbb069b-f3b9-4517-9b73-606a7e3b0941
694e3b8a-0fc2-43b4-9804-d402dcde7a07,GoNoGo,embar-rq0cp,SM-G781U,12,2022-02-10 14:35:21,2022-02-10 14:35:19,[,TRUE,61.9607843137255,Go No Go,2022/02/10 14:34:15,android,1,340,gonogo,{},Go No Go,118.43137254901961,1,0,3ffd6035-7ceb-4689-bfc1-76d3ed676a84,1,1,1,1,D,903ecf158a45a4ec03c5cd145ac4d7ac,dcbb069b-f3b9-4517-9b73-606a7e3b0941
694e3b8a-0fc2-43b4-9804-d402dcde7a07,GoNoGo,embar-rq0cp,SM-G781U,12,2022-02-10 14:35:21,2022-02-10 14:35:19,[,TRUE,61.57443491816056,Go No Go,2022/02/10 14:34:16,android,1,-1,gonogo,{},Go No Go,117.69290724863602,1,0,6866a4b4-8844-43b2-b131-064e1cbd3d9a,1,1,1,0,S,903ecf158a45a4ec03c5cd145ac4d7ac,dcbb069b-f3b9-4517-9b73-606a7e3b0941
694e3b8a-0fc2-43b4-9804-d402dcde7a07,GoNoGo,embar-rq0cp,SM-G781U,12,2022-02-10 14:35:21,2022-02-10 14:35:19,[,TRUE,61.478599221789885,Go No Go,2022/02/10 14:34:17,android,1,476,gonogo,{},Go No Go,118.28793774319067,1,0,2819dbc6-4887-488e-87b5-f758f20a8279,1,1,1,1,P,903ecf158a45a4ec03c5cd145ac4d7ac,dcbb069b-f3b9-4517-9b73-606a7e3b0941
694e3b8a-0fc2-43b4-9804-d402dcde7a07,GoNoGo,embar-rq0cp,SM-G781U,12,2022-02-10 14:35:21,2022-02-10 14:35:19,[,TRUE,61.32075471698113,Go No Go,2022/02/10 14:34:19,android,1,507,gonogo,{},Go No Go,118.71069182389937,1,0,c745ff5b-ca38-43ed-9ba8-2abe1bdf5608,1,1,1,1,H,903ecf158a45a4ec03c5cd145ac4d7ac,dcbb069b-f3b9-4517-9b73-606a7e3b0941
694e3b8a-0fc2-43b4-9804-d402dcde7a07,GoNoGo,embar-rq0cp,SM-G781U,12,2022-02-10 14:35:21,2022-02-10 14:35:19,[,TRUE,61.81533646322379,Go No Go,2022/02/10 14:34:20,android,1,577,gonogo,{},Go No Go,118.9358372456964,1,0,57b3814f-b842-4f51-85ac-4927ec02f765,1,1,1,1,Q,903ecf158a45a4ec03c5cd145ac4d7ac,dcbb069b-f3b9-4517-9b73-606a7e3b0941
694e3b8a-0fc2-43b4-9804-d402dcde7a07,GoNoGo,embar-rq0cp,SM-G781U,12,2022-02-10 14:35:21,2022-02-10 14:35:19,[,TRUE,61.670569867291185,Go No Go,2022/02/10 14:34:21,android,1,471,gonogo,{},Go No Go,117.87665886026542,1,0,8d4e3f22-da51-4319-ab76-4536ea7c1dc5,1,1,1,1,T,903ecf158a45a4ec03c5cd145ac4d7ac,dcbb069b-f3b9-4517-9b73-606a7e3b0941
694e3b8a-0fc2-43b4-9804-d402dcde7a07,GoNoGo,embar-rq0cp,SM-G781U,12,2022-02-10 14:35:21,2022-02-10 14:35:19,[,TRUE,61.287820015515905,Go No Go,2022/02/10 14:34:23,android,1,562,gonogo,{},Go No Go,117.92086889061288,1,0,781611d2-b0f6-4375-8a0a-afa3f03f8eeb,1,1,1,1,M,903ecf158a45a4ec03c5cd145ac4d7ac,dcbb069b-f3b9-4517-9b73-606a7e3b0941
694e3b8a-0fc2-43b4-9804-d402dcde7a07,GoNoGo,embar-rq0cp,SM-G781U,12,2022-02-10 14:35:21,2022-02-10 14:35:19,[,TRUE,61.287820015515905,Go No Go,2022/02/10 14:34:24,android,1,450,gonogo,{},Go No Go,117.92086889061288,1,0,a50afd0d-491c-428b-8cbd-f5ae2308eded,1,1,1,1,N,903ecf158a45a4ec03c5cd145ac4d7ac,dcbb069b-f3b9-4517-9b73-606a7e3b0941
694e3b8a-0fc2-43b4-9804-d402dcde7a07,GoNoGo,embar-rq0cp,SM-G781U,12,2022-02-10 14:35:21,2022-02-10 14:35:19,[,TRUE,61.71875,Go No Go,2022/02/10 14:34:25,android,1,355,gonogo,{},Go No Go,117.96875,1,0,01c9257d-c0d7-44de-ba8c-e1643a2d14c4,1,1,0,1,X,903ecf158a45a4ec03c5cd145ac4d7ac,dcbb069b-f3b9-4517-9b73-606a7e3b0941
694e3b8a-0fc2-43b4-9804-d402dcde7a07,GoNoGo,embar-rq0cp,SM-G781U,12,2022-02-10 14:35:21,2022-02-10 14:35:19,[,TRUE,61.919504643962846,Go No Go,2022/02/10 14:34:27,android,1,396,gonogo,{},Go No Go,118.42105263157895,1,0,07c383b7-e6cb-45c5-968b-a81d825dae4a,1,1,1,1,E,903ecf158a45a4ec03c5cd145ac4d7ac,dcbb069b-f3b9-4517-9b73-606a7e3b0941
694e3b8a-0fc2-43b4-9804-d402dcde7a07,GoNoGo,embar-rq0cp,SM-G781U,12,2022-02-10 14:35:21,2022-02-10 14:35:19,[,TRUE,61.33540372670807,Go No Go,2022/02/10 14:34:28,android,1,529,gonogo,{},Go No Go,118.01242236024845,1,0,e08f159f-0d8d-4f8b-a8b0-f113d83489fc,1,1,1,1,I,903ecf158a45a4ec03c5cd145ac4d7ac,dcbb069b-f3b9-4517-9b73-606a7e3b0941
694e3b8a-0fc2-43b4-9804-d402dcde7a07,GoNoGo,embar-rq0cp,SM-G781U,12,2022-02-10 14:35:21,2022-02-10 14:35:19,[,TRUE,61.478599221789885,Go No Go,2022/02/10 14:34:29,android,1,-1,gonogo,{},Go No Go,117.601246105919,1,0,00e8f740-26eb-4b19-b7aa-86e1fc00d749,1,1,0,0,X,903ecf158a45a4ec03c5cd145ac4d7ac,dcbb069b-f3b9-4517-9b73-606a7e3b0941
694e3b8a-0fc2-43b4-9804-d402dcde7a07,GoNoGo,embar-rq0cp,SM-G781U,12,2022-02-10 14:35:21,2022-02-10 14:35:19,[,TRUE,61.478599221789885,Go No Go,2022/02/10 14:34:30,android,1,-1,gonogo,{},Go No Go,119.06614785992218,1,0,e861b525-8161-4d3d-8e64-6e1608820e5d,1,1,0,0,X,903ecf158a45a4ec03c5cd145ac4d7ac,dcbb069b-f3b9-4517-9b73-606a7e3b0941
694e3b8a-0fc2-43b4-9804-d402dcde7a07,GoNoGo,embar-rq0cp,SM-G781U,12,2022-02-10 14:35:21,2022-02-10 14:35:19,[,TRUE,62.01550387596899,Go No Go,2022/02/10 14:34:32,android,1,370,gonogo,{},Go No Go,117.82945736434108,1,0,41954dae-2f85-44d0-9c0b-a69b9bf5a082,1,1,1,1,G,903ecf158a45a4ec03c5cd145ac4d7ac,dcbb069b-f3b9-4517-9b73-606a7e3b0941
694e3b8a-0fc2-43b4-9804-d402dcde7a07,GoNoGo,embar-rq0cp,SM-G781U,12,2022-02-10 14:35:21,2022-02-10 14:35:19,[,TRUE,61.287820015515905,Go No Go,2022/02/10 14:34:33,android,1,523,gonogo,{},Go No Go,117.92086889061288,1,0,b50c33df-35ad-41be-b72b-e0d5e1092c5a,1,1,1,1,Z,903ecf158a45a4ec03c5cd145ac4d7ac,dcbb069b-f3b9-4517-9b73-606a7e3b0941
694e3b8a-0fc2-43b4-9804-d402dcde7a07,GoNoGo,embar-rq0cp,SM-G781U,12,2022-02-10 14:35:21,2022-02-10 14:35:19,[,TRUE,61.27258444619011,Go No Go,2022/02/10 14:34:34,android,1,414,gonogo,{},Go No Go,118.61743912018854,1,0,454d4687-faba-4c0f-aa14-bc01fd6d84ad,1,1,1,1,J,903ecf158a45a4ec03c5cd145ac4d7ac,dcbb069b-f3b9-4517-9b73-606a7e3b0941
694e3b8a-0fc2-43b4-9804-d402dcde7a07,GoNoGo,embar-rq0cp,SM-G781U,12,2022-02-10 14:35:21,2022-02-10 14:35:19,[,TRUE,61.4307931570762,Go No Go,2022/02/10 14:34:36,android,1,510,gonogo,{},Go No Go,118.1959564541213,1,0,bc52e163-9480-417e-b6f5-54cb46ae8886,1,1,1,1,Y,903ecf158a45a4ec03c5cd145ac4d7ac,dcbb069b-f3b9-4517-9b73-606a7e3b0941
694e3b8a-0fc2-43b4-9804-d402dcde7a07,GoNoGo,embar-rq0cp,SM-G781U,12,2022-02-10 14:35:21,2022-02-10 14:35:19,[,TRUE,61.91222570532915,Go No Go,2022/02/10 14:34:37,android,1,434,gonogo,{},Go No Go,118.3385579937304,1,0,b5a7a766-ea73-42cd-b051-5a2cc4eb4428,1,1,1,1,W,903ecf158a45a4ec03c5cd145ac4d7ac,dcbb069b-f3b9-4517-9b73-606a7e3b0941
694e3b8a-0fc2-43b4-9804-d402dcde7a07,GoNoGo,embar-rq0cp,SM-G781U,12,2022-02-10 14:35:21,2022-02-10 14:35:19,[,TRUE,61.478599221789885,Go No Go,2022/02/10 14:34:38,android,1,-1,gonogo,{},Go No Go,117.601246105919,1,0,40ee3beb-21c9-45ac-8372-ab27e4b198f8,1,1,0,0,X,903ecf158a45a4ec03c5cd145ac4d7ac,dcbb069b-f3b9-4517-9b73-606a7e3b0941
694e3b8a-0fc2-43b4-9804-d402dcde7a07,GoNoGo,embar-rq0cp,SM-G781U,12,2022-02-10 14:35:21,2022-02-10 14:35:19,[,TRUE,61.33540372670807,Go No Go,2022/02/10 14:34:40,android,1,-1,gonogo,{},Go No Go,118.01242236024845,1,0,8d5ad727-1477-4564-8d00-cdd250b99cf4,1,1,0,0,X,903ecf158a45a4ec03c5cd145ac4d7ac,dcbb069b-f3b9-4517-9b73-606a7e3b0941
694e3b8a-0fc2-43b4-9804-d402dcde7a07,GoNoGo,embar-rq0cp,SM-G781U,12,2022-02-10 14:35:21,2022-02-10 14:35:19,[,TRUE,61.38306138306139,Go No Go,2022/02/10 14:34:41,android,1,296,gonogo,{},Go No Go,118.10411810411811,1,0,3aecbb94-f9fe-449c-afb9-66492c1d651e,1,1,1,1,R,903ecf158a45a4ec03c5cd145ac4d7ac,dcbb069b-f3b9-4517-9b73-606a7e3b0941
694e3b8a-0fc2-43b4-9804-d402dcde7a07,GoNoGo,embar-rq0cp,SM-G781U,12,2022-02-10 14:35:21,2022-02-10 14:35:19,[,TRUE,61.767005473025804,Go No Go,2022/02/10 14:34:42,android,1,399,gonogo,{},Go No Go,118.84284597341674,1,0,9101249d-2459-4979-8c4d-cbab3258b365,1,1,1,1,F,903ecf158a45a4ec03c5cd145ac4d7ac,dcbb069b-f3b9-4517-9b73-606a7e3b0941
694e3b8a-0fc2-43b4-9804-d402dcde7a07,GoNoGo,embar-rq0cp,SM-G781U,12,2022-02-10 14:35:21,2022-02-10 14:35:19,[,TRUE,61.57443491816056,Go No Go,2022/02/10 14:34:43,android,1,351,gonogo,{},Go No Go,117.69290724863602,1,0,b1795d73-037c-4c55-b890-2f132fff75e4,1,1,1,1,B,903ecf158a45a4ec03c5cd145ac4d7ac,dcbb069b-f3b9-4517-9b73-606a7e3b0941
694e3b8a-0fc2-43b4-9804-d402dcde7a07,GoNoGo,embar-rq0cp,SM-G781U,12,2022-02-10 14:35:21,2022-02-10 14:35:19,[,TRUE,61.287820015515905,Go No Go,2022/02/10 14:34:45,android,1,-1,gonogo,{},Go No Go,118.01242236024845,1,0,8dc507bc-fac7-491f-93ef-1d73484241a8,1,1,0,0,X,903ecf158a45a4ec03c5cd145ac4d7ac,dcbb069b-f3b9-4517-9b73-606a7e3b0941
694e3b8a-0fc2-43b4-9804-d402dcde7a07,GoNoGo,embar-rq0cp,SM-G781U,12,2022-02-10 14:35:21,2022-02-10 14:35:19,[,TRUE,61.478599221789885,Go No Go,2022/02/10 14:34:46,android,1,444,gonogo,{},Go No Go,118.28793774319067,1,0,def0d596-d13f-4274-85ab-ab5924643d03,1,1,1,1,K,903ecf158a45a4ec03c5cd145ac4d7ac,dcbb069b-f3b9-4517-9b73-606a7e3b0941
694e3b8a-0fc2-43b4-9804-d402dcde7a07,GoNoGo,embar-rq0cp,SM-G781U,12,2022-02-10 14:35:21,2022-02-10 14:35:19,[,TRUE,61.81533646322379,Go No Go,2022/02/10 14:34:47,android,1,386,gonogo,{},Go No Go,118.9358372456964,1,0,b18b62ed-4d1f-4012-b0e8-5a69ed674a5b,1,1,1,1,U,903ecf158a45a4ec03c5cd145ac4d7ac,dcbb069b-f3b9-4517-9b73-606a7e3b0941
e7c01135-9b0b-4f8e-bf6b-4559a2c62245,GoNoGo,scag-6vn4n,Mi 9T Pro,10,2022-02-09 17:48:28,2022-02-09 17:48:27,[,TRUE,60.559006211180126,Go No Go,2022/02/09 16:50:30,android,1,-1,gonogo,{},Go No Go,59.78260869565217,1,0,56e73dce-8e38-4774-a1df-66e06df6b859,1,1,1,0,T,903ecf158a45a4ec03c5cd145ac4d7ac,f94f8618-4782-4dd5-9107-bf0b0217b702
e7c01135-9b0b-4f8e-bf6b-4559a2c62245,GoNoGo,scag-6vn4n,Mi 9T Pro,10,2022-02-09 17:48:28,2022-02-09 17:48:27,[,TRUE,60.79501169134841,Go No Go,2022/02/09 16:50:31,android,1,296,gonogo,{},Go No Go,60.01558846453625,1,0,c4052d85-3bdf-460b-9fea-476ad319e696,1,1,1,1,C,903ecf158a45a4ec03c5cd145ac4d7ac,f94f8618-4782-4dd5-9107-bf0b0217b702
e7c01135-9b0b-4f8e-bf6b-4559a2c62245,GoNoGo,scag-6vn4n,Mi 9T Pro,10,2022-02-09 17:48:28,2022-02-09 17:48:27,[,TRUE,60.70038910505837,Go No Go,2022/02/09 16:50:32,android,1,287,gonogo,{},Go No Go,60.70038910505837,1,0,9a8917d2-3641-4d33-a2aa-aa4f6655c1d5,1,1,1,1,B,903ecf158a45a4ec03c5cd145ac4d7ac,f94f8618-4782-4dd5-9107-bf0b0217b702
e7c01135-9b0b-4f8e-bf6b-4559a2c62245,GoNoGo,scag-6vn4n,Mi 9T Pro,10,2022-02-09 17:48:28,2022-02-09 17:48:27,[,TRUE,60.13878180416346,Go No Go,2022/02/09 16:50:34,android,1,313,gonogo,{},Go No Go,59.367771781033156,1,0,f09345d9-98c2-4312-88b9-54419c73056a,1,1,0,1,X,903ecf158a45a4ec03c5cd145ac4d7ac,f94f8618-4782-4dd5-9107-bf0b0217b702
e7c01135-9b0b-4f8e-bf6b-4559a2c62245,GoNoGo,scag-6vn4n,Mi 9T Pro,10,2022-02-09 17:48:28,2022-02-09 17:48:27,[,TRUE,60.889929742388766,Go No Go,2022/02/09 16:50:35,android,1,316,gonogo,{},Go No Go,60.15625,1,0,49fdc074-e034-4326-9ac9-450737fcf2ca,1,1,1,1,Z,903ecf158a45a4ec03c5cd145ac4d7ac,f94f8618-4782-4dd5-9107-bf0b0217b702
e7c01135-9b0b-4f8e-bf6b-4559a2c62245,GoNoGo,scag-6vn4n,Mi 9T Pro,10,2022-02-09 17:48:28,2022-02-09 17:48:27,[,TRUE,60.60606060606061,Go No Go,2022/02/09 16:50:36,android,1,-1,gonogo,{},Go No Go,59.82905982905983,1,0,f3ec2f75-0961-4234-b169-b50817bc92e5,1,1,0,0,X,903ecf158a45a4ec03c5cd145ac4d7ac,f94f8618-4782-4dd5-9107-bf0b0217b702
e7c01135-9b0b-4f8e-bf6b-4559a2c62245,GoNoGo,scag-6vn4n,Mi 9T Pro,10,2022-02-09 17:48:28,2022-02-09 17:48:27,[,TRUE,60.79501169134841,Go No Go,2022/02/09 16:50:38,android,1,-1,gonogo,{},Go No Go,60.06240249609984,1,0,614a6509-f413-4f37-b281-c46482abfa4f,1,1,1,0,P,903ecf158a45a4ec03c5cd145ac4d7ac,f94f8618-4782-4dd5-9107-bf0b0217b702
e7c01135-9b0b-4f8e-bf6b-4559a2c62245,GoNoGo,scag-6vn4n,Mi 9T Pro,10,2022-02-09 17:48:28,2022-02-09 17:48:27,[,TRUE,60.653188180404356,Go No Go,2022/02/09 16:50:39,android,1,-1,gonogo,{},Go No Go,60.653188180404356,1,0,641354a3-9463-4925-827e-1394a2968f1c,1,1,1,0,L,903ecf158a45a4ec03c5cd145ac4d7ac,f94f8618-4782-4dd5-9107-bf0b0217b702
e7c01135-9b0b-4f8e-bf6b-4559a2c62245,GoNoGo,scag-6vn4n,Mi 9T Pro,10,2022-02-09 17:48:28,2022-02-09 17:48:27,[,TRUE,60.371517027863774,Go No Go,2022/02/09 16:50:40,android,1,-1,gonogo,{},Go No Go,59.64368706429125,1,0,98643993-65e3-4981-9e39-fe066078b00c,1,1,1,0,N,903ecf158a45a4ec03c5cd145ac4d7ac,f94f8618-4782-4dd5-9107-bf0b0217b702
e7c01135-9b0b-4f8e-bf6b-4559a2c62245,GoNoGo,scag-6vn4n,Mi 9T Pro,10,2022-02-09 17:48:28,2022-02-09 17:48:27,[,TRUE,60.70038910505837,Go No Go,2022/02/09 16:50:42,android,1,-1,gonogo,{},Go No Go,59.92217898832685,1,0,ae4412ca-9610-4a41-987b-c693474aff86,1,1,1,0,R,903ecf158a45a4ec03c5cd145ac4d7ac,f94f8618-4782-4dd5-9107-bf0b0217b702
e7c01135-9b0b-4f8e-bf6b-4559a2c62245,GoNoGo,scag-6vn4n,Mi 9T Pro,10,2022-02-09 17:48:28,2022-02-09 17:48:27,[,TRUE,60.70038910505837,Go No Go,2022/02/09 16:50:43,android,1,-1,gonogo,{},Go No Go,59.92217898832685,1,0,a1170534-510d-4017-b2cd-659270b7eae0,1,1,1,0,Q,903ecf158a45a4ec03c5cd145ac4d7ac,f94f8618-4782-4dd5-9107-bf0b0217b702
e7c01135-9b0b-4f8e-bf6b-4559a2c62245,GoNoGo,scag-6vn4n,Mi 9T Pro,10,2022-02-09 17:48:28,2022-02-09 17:48:27,[,TRUE,60.889929742388766,Go No Go,2022/02/09 16:50:44,android,1,-1,gonogo,{},Go No Go,60.10928961748634,1,0,14daf2e0-0e4f-40a2-9f1d-b8ca464156cb,1,1,1,0,E,903ecf158a45a4ec03c5cd145ac4d7ac,f94f8618-4782-4dd5-9107-bf0b0217b702
e7c01135-9b0b-4f8e-bf6b-4559a2c62245,GoNoGo,scag-6vn4n,Mi 9T Pro,10,2022-02-09 17:48:28,2022-02-09 17:48:27,[,TRUE,60.653188180404356,Go No Go,2022/02/09 16:50:46,android,1,-1,gonogo,{},Go No Go,59.8755832037325,1,0,a3b3a84d-70ec-40ed-b050-368bf932cf03,1,1,0,0,X,903ecf158a45a4ec03c5cd145ac4d7ac,f94f8618-4782-4dd5-9107-bf0b0217b702
e7c01135-9b0b-4f8e-bf6b-4559a2c62245,GoNoGo,scag-6vn4n,Mi 9T Pro,10,2022-02-09 17:48:28,2022-02-09 17:48:27,[,TRUE,60.70038910505837,Go No Go,2022/02/09 16:50:47,android,1,-1,gonogo,{},Go No Go,60.70038910505837,1,0,f1961fb1-604b-44ae-a2fa-cf0dbbfd5d5a,1,1,1,0,U,903ecf158a45a4ec03c5cd145ac4d7ac,f94f8618-4782-4dd5-9107-bf0b0217b702
e7c01135-9b0b-4f8e-bf6b-4559a2c62245,GoNoGo,scag-6vn4n,Mi 9T Pro,10,2022-02-09 17:48:28,2022-02-09 17:48:27,[,TRUE,60.32482598607889,Go No Go,2022/02/09 16:50:48,android,1,-1,gonogo,{},Go No Go,59.59752321981424,1,0,d1bad3c4-1b4a-46ee-a7ea-1120cf360211,1,1,1,0,M,903ecf158a45a4ec03c5cd145ac4d7ac,f94f8618-4782-4dd5-9107-bf0b0217b702
e7c01135-9b0b-4f8e-bf6b-4559a2c62245,GoNoGo,scag-6vn4n,Mi 9T Pro,10,2022-02-09 17:48:28,2022-02-09 17:48:27,[,TRUE,60.84243369734789,Go No Go,2022/02/09 16:50:49,android,1,-1,gonogo,{},Go No Go,60.10928961748634,1,0,c412d104-b1c6-408c-baee-c505b70ac9ab,1,1,1,0,Y,903ecf158a45a4ec03c5cd145ac4d7ac,f94f8618-4782-4dd5-9107-bf0b0217b702
e7c01135-9b0b-4f8e-bf6b-4559a2c62245,GoNoGo,scag-6vn4n,Mi 9T Pro,10,2022-02-09 17:48:28,2022-02-09 17:48:27,[,TRUE,60.84243369734789,Go No Go,2022/02/09 16:50:51,android,1,-1,gonogo,{},Go No Go,60.10928961748634,1,0,f4986088-4c94-4da0-a0a7-c12dacb96dbc,1,1,1,0,H,903ecf158a45a4ec03c5cd145ac4d7ac,f94f8618-4782-4dd5-9107-bf0b0217b702
e7c01135-9b0b-4f8e-bf6b-4559a2c62245,GoNoGo,scag-6vn4n,Mi 9T Pro,10,2022-02-09 17:48:28,2022-02-09 17:48:27,[,TRUE,60.46511627906977,Go No Go,2022/02/09 16:50:52,android,1,-1,gonogo,{},Go No Go,59.689922480620154,1,0,48b39add-4814-457b-a259-97bca80f4b9d,1,1,1,0,A,903ecf158a45a4ec03c5cd145ac4d7ac,f94f8618-4782-4dd5-9107-bf0b0217b702
e7c01135-9b0b-4f8e-bf6b-4559a2c62245,GoNoGo,scag-6vn4n,Mi 9T Pro,10,2022-02-09 17:48:28,2022-02-09 17:48:27,[,TRUE,60.653188180404356,Go No Go,2022/02/09 16:50:53,android,1,-1,gonogo,{},Go No Go,60.70038910505837,1,0,0d758e9f-5231-43f5-998d-deb1529a524b,1,1,1,0,F,903ecf158a45a4ec03c5cd145ac4d7ac,f94f8618-4782-4dd5-9107-bf0b0217b702
e7c01135-9b0b-4f8e-bf6b-4559a2c62245,GoNoGo,scag-6vn4n,Mi 9T Pro,10,2022-02-09 17:48:28,2022-02-09 17:48:27,[,TRUE,60.74766355140187,Go No Go,2022/02/09 16:50:55,android,1,-1,gonogo,{},Go No Go,59.96884735202492,1,0,2ba7d006-b09c-416a-ad77-ded73babe777,1,1,1,0,S,903ecf158a45a4ec03c5cd145ac4d7ac,f94f8618-4782-4dd5-9107-bf0b0217b702
e7c01135-9b0b-4f8e-bf6b-4559a2c62245,GoNoGo,scag-6vn4n,Mi 9T Pro,10,2022-02-09 17:48:28,2022-02-09 17:48:27,[,TRUE,60.653188180404356,Go No Go,2022/02/09 16:50:56,android,1,-1,gonogo,{},Go No Go,59.09797822706065,1,0,ff6df778-bc86-4c5f-92c5-99384f58f955,1,1,1,0,K,903ecf158a45a4ec03c5cd145ac4d7ac,f94f8618-4782-4dd5-9107-bf0b0217b702
e7c01135-9b0b-4f8e-bf6b-4559a2c62245,GoNoGo,scag-6vn4n,Mi 9T Pro,10,2022-02-09 17:48:28,2022-02-09 17:48:27,[,TRUE,60.559006211180126,Go No Go,2022/02/09 16:50:57,android,1,-1,gonogo,{},Go No Go,59.78260869565217,1,0,d3902700-38fc-4ccf-9b3c-1d8d9db2c8f6,1,1,1,0,J,903ecf158a45a4ec03c5cd145ac4d7ac,f94f8618-4782-4dd5-9107-bf0b0217b702
e7c01135-9b0b-4f8e-bf6b-4559a2c62245,GoNoGo,scag-6vn4n,Mi 9T Pro,10,2022-02-09 17:48:28,2022-02-09 17:48:27,[,TRUE,60.84243369734789,Go No Go,2022/02/09 16:50:59,android,1,-1,gonogo,{},Go No Go,60.06240249609984,1,0,d7243240-ce22-49ef-baf9-a25afaf85087,1,1,1,0,I,903ecf158a45a4ec03c5cd145ac4d7ac,f94f8618-4782-4dd5-9107-bf0b0217b702
e7c01135-9b0b-4f8e-bf6b-4559a2c62245,GoNoGo,scag-6vn4n,Mi 9T Pro,10,2022-02-09 17:48:28,2022-02-09 17:48:27,[,TRUE,60.70038910505837,Go No Go,2022/02/09 16:51:00,android,1,-1,gonogo,{},Go No Go,59.143968871595334,1,0,d4a235bf-1e7b-40f2-8fde-24e850993efd,1,1,0,0,X,903ecf158a45a4ec03c5cd145ac4d7ac,f94f8618-4782-4dd5-9107-bf0b0217b702
e7c01135-9b0b-4f8e-bf6b-4559a2c62245,GoNoGo,scag-6vn4n,Mi 9T Pro,10,2022-02-09 17:48:28,2022-02-09 17:48:27,[,TRUE,60.70038910505837,Go No Go,2022/02/09 16:51:01,android,1,-1,gonogo,{},Go No Go,59.92217898832685,1,0,3d37898b-adc0-4db1-a46c-d53a352d10d6,1,1,1,0,G,903ecf158a45a4ec03c5cd145ac4d7ac,f94f8618-4782-4dd5-9107-bf0b0217b702
e7c01135-9b0b-4f8e-bf6b-4559a2c62245,GoNoGo,scag-6vn4n,Mi 9T Pro,10,2022-02-09 17:48:28,2022-02-09 17:48:27,[,TRUE,60.51202482544608,Go No Go,2022/02/09 16:51:02,android,1,-1,gonogo,{},Go No Go,59.73622963537626,1,0,0042c437-55af-4edc-b32a-68e344bcca66,1,1,0,0,X,903ecf158a45a4ec03c5cd145ac4d7ac,f94f8618-4782-4dd5-9107-bf0b0217b702
e7c01135-9b0b-4f8e-bf6b-4559a2c62245,GoNoGo,scag-6vn4n,Mi 9T Pro,10,2022-02-09 17:48:28,2022-02-09 17:48:27,[,TRUE,60.46511627906977,Go No Go,2022/02/09 16:51:04,android,1,-1,gonogo,{},Go No Go,58.91472868217054,1,0,32d2eeb1-bf33-4462-ae7c-29e369838d19,1,1,1,0,V,903ecf158a45a4ec03c5cd145ac4d7ac,f94f8618-4782-4dd5-9107-bf0b0217b702
e7c01135-9b0b-4f8e-bf6b-4559a2c62245,GoNoGo,scag-6vn4n,Mi 9T Pro,10,2022-02-09 17:48:28,2022-02-09 17:48:27,[,TRUE,60.74766355140187,Go No Go,2022/02/09 16:51:05,android,1,-1,gonogo,{},Go No Go,60.01558846453625,1,0,9b1bc50d-0267-43df-a620-87362e8db887,1,1,1,0,D,903ecf158a45a4ec03c5cd145ac4d7ac,f94f8618-4782-4dd5-9107-bf0b0217b702
e7c01135-9b0b-4f8e-bf6b-4559a2c62245,GoNoGo,scag-6vn4n,Mi 9T Pro,10,2022-02-09 17:48:28,2022-02-09 17:48:27,[,TRUE,61.032863849765256,Go No Go,2022/02/09 16:51:06,android,1,-1,gonogo,{},Go No Go,60.250391236306726,1,0,2eeb11c4-87ee-47b5-af31-a01bcb1d6369,1,1,1,0,O,903ecf158a45a4ec03c5cd145ac4d7ac,f94f8618-4782-4dd5-9107-bf0b0217b702
e7c01135-9b0b-4f8e-bf6b-4559a2c62245,GoNoGo,scag-6vn4n,Mi 9T Pro,10,2022-02-09 17:48:28,2022-02-09 17:48:27,[,TRUE,60.46511627906977,Go No Go,2022/02/09 16:51:08,android,1,-1,gonogo,{},Go No Go,58.13953488372093,1,0,581ad7a3-1431-425c-a39b-32aeeedf9382,1,1,0,0,X,903ecf158a45a4ec03c5cd145ac4d7ac,f94f8618-4782-4dd5-9107-bf0b0217b702
